<?xml version="1.0" encoding="UTF-8"?>
<!DOCTYPE mapper PUBLIC "-//mybatis.org//DTD Mapper 3.0//EN" "http://mybatis.org/dtd/mybatis-3-mapper.dtd">
<mapper namespace="com.msl.my.task.manage.provider.mapper.TaskDetailsMapper">
  <resultMap id="BaseResultMap" type="com.msl.my.task.manage.provider.domain.TaskDetails">
    <!--@mbg.generated-->
    <!--@Table task_details-->
    <id column="task_no" jdbcType="VARCHAR" property="taskNo" />
    <id column="task_owner" jdbcType="VARCHAR" property="taskOwner" />
    <id column="task_type" jdbcType="VARCHAR" property="taskType" />
    <result column="task_desc" jdbcType="VARCHAR" property="taskDesc" />
    <result column="task_stat" jdbcType="VARCHAR" property="taskStat" />
    <result column="sit_date" jdbcType="TIMESTAMP" property="sitDate" />
    <result column="uat_date" jdbcType="TIMESTAMP" property="uatDate" />
    <result column="release_date" jdbcType="TIMESTAMP" property="releaseDate" />
    <result column="plan_man_days" jdbcType="BIGINT" property="planManDays" />
    <result column="actual_days" jdbcType="BIGINT" property="actualDays" />
    <result column="task_month" jdbcType="VARCHAR" property="taskMonth" />
    <result column="create_day" jdbcType="TIMESTAMP" property="createDay" />
    <result column="modify_day" jdbcType="TIMESTAMP" property="modifyDay" />
  </resultMap>
  <sql id="Base_Column_List">
    <!--@mbg.generated-->
    task_no, task_owner, task_type, task_desc, task_stat, sit_date, uat_date, release_date, 
    plan_man_days, actual_days, task_month, create_day, modify_day
  </sql>
</mapper>