<?xml version="1.0" encoding="UTF-8"?>
<!DOCTYPE mapper PUBLIC "-//mybatis.org//DTD Mapper 3.0//EN" "http://mybatis.org/dtd/mybatis-3-mapper.dtd">
<mapper namespace="com.msl.my.task.manage.provider.mapper.AdminUserMapper">
  <resultMap id="BaseResultMap" type="com.msl.my.task.manage.provider.domain.AdminUser">
    <!--@mbg.generated generated on Thu Jul 25 14:57:17 CST 2019.-->
    <id column="id" jdbcType="BIGINT" property="id" />
    <result column="empno" jdbcType="VARCHAR" property="empNo" />
    <result column="password" jdbcType="VARCHAR" property="password" />
    <result column="icon" jdbcType="VARCHAR" property="icon" />
    <result column="email" jdbcType="VARCHAR" property="email" />
    <result column="nick_name" jdbcType="VARCHAR" property="nickName" />
    <result column="note" jdbcType="VARCHAR" property="note" />
    <result column="create_time" jdbcType="TIMESTAMP" property="createTime" />
    <result column="login_time" jdbcType="TIMESTAMP" property="loginTime" />
    <result column="status" jdbcType="INTEGER" property="status" />
  </resultMap>
  <sql id="Base_Column_List">
    <!--@mbg.generated generated on Thu Jul 25 14:57:17 CST 2019.-->
    id, email, `password`, icon, empno, nick_name, note, create_time, login_time,
    `status`
  </sql>
</mapper>